{
  "simple_interest": {
    "mean": 0.186,
    "std": 0.2555586118322618,
    "n": 50,
    "scores": [
      0.0,
      0.0,
      0.0,
      0.0,
      0.0,
      0.0,
      0.0,
      0.0,
      0.1,
      0.0,
      0.0,
      0.0,
      0.0,
      0.0,
      0.0,
      0.0,
      0.0,
      0.0,
      0.0,
      0.0,
      0.0,
      0.4,
      0.0,
      0.0,
      0.0,
      0.4,
      0.0,
      0.0,
      0.0,
      0.0,
      0.6,
      0.6,
      0.6,
      0.6,
      0.0,
      0.6,
      0.0,
      0.6,
      0.6,
      0.6,
      0.4,
      0.0,
      0.1,
      0.6,
      0.4,
      0.6,
      0.5,
      0.4,
      0.1,
      0.5
    ]
  },
  "complex_vf": {
    "mean": 0.2,
    "std": 0.15085960589122316,
    "n": 30,
    "scores": [
      0.3,
      0.3,
      0.0,
      0.3,
      0.3,
      0.3,
      0.3,
      0.3,
      0.3,
      0.2,
      0.3,
      0.4,
      0.3,
      0.2,
      0.3,
      0.3,
      0.4,
      0.3,
      0.3,
      0.2,
      0.0,
      0.0,
      0.0,
      0.0,
      0.0,
      0.0,
      0.0,
      0.0,
      0.0,
      0.4
    ]
  },
  "overall": {
    "mean": 0.19125,
    "std": 0.22115562422552648,
    "n": 80
  },
  "method": "Random LLM guesses with temperature=1.0, evaluated by same LLM judge",
  "n_samples_per_objective": 10
}